"mem_mb","proc_alive","cwd","running_ms","command","started","cpu","active","pid","proc_name","file"
"71.3","True","""C:\\Users\\Administrator\\Documents\\Tool""","60612","""Set-Location \""C:\\Users\\Administrator\\Documents\\Tool\""; rg -c \""\\\""use client\\\""\"" --glob \""*.{tsx,ts}\"" | Measure-Object -Line; rg -l \""\\\""use client\\\""\"" --glob \""app/**/page.tsx\""""","2026-08-02T10:30:30.343Z","0.66","False","5952","powershell","120130.txt"
"77.1","True","""c:\\Users\\Administrator\\Documents\\Tool""","833715","""Get-ChildItem -Path \""C:\\Users\\Administrator\\Documents\\Tool\"" -Recurse -Depth 3 | Select-Object FullName | Format-Table -AutoSize""","2026-08-02T10:29:31.237Z","0.84","False","15120","powershell","137575.txt"
"84.5","True","""C:\\Users\\Administrator\\Documents\\Tool\\backend""","100897","""cd \""c:\\Users\\Administrator\\Documents\\Tool\\backend\""; python -m mypy src/cloud_content_hub/infrastructure/storage""","2026-08-02T14:22:22.265Z","3.78","False","20416","python","140809.txt"
"46.6","True","""C:\\Users\\Administrator\\Documents\\Tool""","30071","""npx next start 2>&1 | Out-String""","2026-08-02T08:29:01.924Z","0.45","False","9436","node","226863.txt"
"7.8","True","""C:\\Users\\Administrator\\Documents\\Tool\\backend""","40927","""cd \""c:\\Users\\Administrator\\Documents\\Tool\\backend\""; python -m ruff check --fix src/cloud_content_hub/workers/scheduler tests/unit/test_scheduler_cron.py tests/unit/test_scheduler_lease.py tests/unit/test_scheduler_recurring.py tests/unit/test_scheduler_recovery.py tests/unit/test_scheduler_runtime.py; python -m ruff format src/cloud_content_hub/workers/scheduler tests/unit/test_scheduler_cron.py tests/unit/test_scheduler_lease.py tests/unit/test_scheduler_recurring.py tests/unit/test_scheduler_recovery.py tests/unit/test_scheduler_runtime.py""","2026-08-02T16:20:18.315Z","0","False","6036","conhost","253192.txt"
"168.7","True","""C:\\Users\\Administrator\\Documents\\Tool""","30106","""Get-CimInstance Win32_Process | Where-Object { $_.Name -match '^(node|npm)(\\.exe)?$' -or ($_.Name -eq 'cmd.exe' -and $_.CommandLine -like '*npm*') } | Select-Object ProcessId,ParentProcessId,Name,CreationDate,ExecutablePath,CommandLine | Format-List""","2026-08-02T10:57:24.374Z","575.78","False","17580","Cursor","396055.txt"
"8.6","True","""C:\\Users\\Administrator\\Documents\\Tool""","40298","""Get-ChildItem -Force | Select-Object Mode,Length,Name""","2026-08-02T10:25:42.217Z","0.03","False","11324","wsl","407415.txt"
"86","True","""C:\\Users\\Administrator\\Documents\\Tool\\backend""","16188","""python -m pip install fastapi sqlalchemy asyncpg alembic pydantic-settings redis celery structlog \""uvicorn[standard]\"" httpx mypy pytest-asyncio pytest-cov ruff hatchling && python -m pip install -e . --no-build-isolation""","2026-08-02T10:31:59.132Z","3.92","False","20416","python","411496.txt"
"77.1","True","""C:\\Users\\Administrator\\Documents\\Tool\\backend""","180058","""cd \""c:\\Users\\Administrator\\Documents\\Tool\\backend\""; python -m pytest tests/security -p no:benchmark -q 2>&1 | Select-Object -Last 15""","2026-08-02T17:01:23.892Z","0.84","True","15120","powershell","451411.txt"
"46.6","True","""C:\\Users\\Administrator\\Documents\\Tool""","30325","""npm run typecheck""","2026-08-02T10:07:34.793Z","0.45","False","9436","node","491099.txt"
"77.2","True","""C:\\Users\\Administrator\\Documents\\Tool\\backend""","210569","""cd \""c:\\Users\\Administrator\\Documents\\Tool\\backend\""; pip install types-PyYAML -q; ruff check tests/sre operations/scripts; mypy src; python -m pytest tests/sre/ -q""","2026-08-02T17:00:55.551Z","0.78","True","2396","powershell","519301.txt"
"127.2","True","|",,,,"9.12","True","18832","powershell","533.txt"
"170.7","True","""c:\\Users\\Administrator\\Documents\\Tool""","336508","""Get-ChildItem \""C:\\Users\\Administrator\\.cursor\\projects\\c-Users-Administrator-Documents-Tool\\terminals\"" -Filter *.txt | Select-Object Name, LastWriteTime, Length | Format-Table -AutoSize""","2026-08-02T16:54:09.736Z","10.97","False","21360","python","547799.txt"
"77.3","True","""C:\\Users\\Administrator\\Documents\\Tool""","200452","""npm install --package-lock-only --ignore-scripts --no-audit --no-fund""","2026-08-02T10:37:26.109Z","0.81","False","18988","powershell","567733.txt"
"71","True","""c:\\Users\\Administrator\\Documents\\Tool""","30112","""Test-Path \""C:\\Users\\Administrator\\Documents\\Tool\""; Get-ChildItem \""C:\\Users\\Administrator\\Documents\\Tool\"" -ErrorAction SilentlyContinue | Select-Object Name, Mode""","2026-08-02T10:25:22.730Z","0.66","False","5952","powershell","683932.txt"
"76.8","True","""C:\\Users\\Administrator\\Documents\\Tool""","35163","""Set-Location \""c:\\Users\\Administrator\\Documents\\Tool\""; powershell -NoProfile -ExecutionPolicy Bypass -File \""scripts\\auto-sync-git.ps1\"" -IntervalMinutes 5""","2026-08-02T17:03:51.158Z","0.83","True","7680","powershell","719077.txt"
"118","True","""C:\\Users\\Administrator\\Documents\\Tool""","30065","""@('C:\\pagefile.sys','C:\\hiberfil.sys','C:\\swapfile.sys') | ForEach-Object { if (Test-Path $_) { Get-Item $_ -Force | Select-Object Name, @{N='SizeGB';E={[math]::Round($_.Length/1GB,2)}} } }""","2026-08-02T15:30:46.892Z","6.83","False","21084","python","743588.txt"
"50.8","True","|",,,,"3.41","True","13152","powershell","89.txt"
"66","True","""c:\\Users\\Administrator\\Documents\\Tool""","190131","""npm run typecheck; if ($LASTEXITCODE -ne 0) { exit $LASTEXITCODE }; npm run lint; if ($LASTEXITCODE -ne 0) { exit $LASTEXITCODE }; npm run test:run""","2026-08-02T14:13:26.293Z","2.2","False","16004","node","94201.txt"
"71.3","True","""C:\\Users\\Administrator\\Documents\\Tool\\backend""","145284","""cd \""c:\\Users\\Administrator\\Documents\\Tool\\backend\""; pytest tests/unit/test_bootstrap.py -q --tb=short""","2026-08-02T17:02:08.510Z","0.8","True","20728","powershell","988607.txt"
